Id,TitleId,RealName,CharacterName,Role
1,1,Grady Hayes,Kirk Haag,Actor
2,1,Moses Hand,Karina Johnston,CostumeDesigner
3,2,Jon Harvey,Irving Welch,Cinematographer
4,2,Terrell Wiza,Wyman Bartoletti,Cinematographer
5,2,Garry Bradtke,Lilliana Dibbert,FilmEditor
6,2,Alexis Quitzon,Ashtyn Mills,ProductionDesigner
7,2,Jesus Nicolas,Jordy Rutherford,FilmEditor
8,2,Lloyd Bosco,Trycia Olson,ProductionDesigner
9,2,Jesus Swaniawski,Roslyn Gibson,FilmEditor
10,2,Heidi Grant,Emilio Kemmer,Cinematographer
11,2,Wade Farrell,Boris Nitzsche,Cinematographer
12,2,Eula Daugherty,Christy Borer,Actress
13,2,Winston Runolfsdottir,Dejuan Marquardt,Cinematographer
14,2,Monique Luettgen,Kamron Schneider,Actress
15,2,Steven Haley,Syble Larkin,FilmEditor
16,2,Tonya Herzog,Colten Feest,MusicComposer
17,2,Rochelle Hettinger,Rafael Bahringer,Actress
18,2,Tim Bogisich,Gene Koepp,Director
19,3,Dallas Block,Immanuel MacGyver,MusicComposer
20,3,Katie Schmitt,Maida Walsh,Actor
21,3,Van Kuhic,Vicenta Williamson,MusicComposer
22,3,Priscilla Green,Rosalee Yundt,Actress
23,3,Erica Ondricka,Nick Ortiz,ProductionDesigner
24,3,Dean Bosco,Catalina Gerhold,FilmEditor
25,3,Mabel Willms,Cheyanne Barton,FilmEditor
26,3,Darrel Altenwerth,Delphine Mertz,FilmEditor
27,3,Mable Klocko,Chaz Cremin,MusicComposer
28,3,Frederick Block,Dino Deckow,FilmEditor
29,3,John Herman,Frances Runolfsdottir,Actor
30,3,Stuart Mayert,Jarrod Kirlin,Producer
31,3,Marlene Emmerich,Lavonne Schaefer,Actor
32,3,Vicki Shields,Axel Pacocha,Actress
33,3,Taylor Mills,Chaya Herzog,Actress
34,3,Shirley Muller,Florida Kohler,MusicComposer
35,3,Billy Mayer,Diamond Cummings,Actor
36,3,Amos Mitchell,Avis Torphy,Screenwriter
37,3,Marcus Konopelski,Arlie Schmidt,MusicComposer
38,4,Donnie Hills,Jabari Emmerich,Screenwriter
39,4,Evelyn Pacocha,Dion Murray,Cinematographer
40,4,Erick Emmerich,Antonetta Shields,ProductionDesigner
41,4,Juanita Feil,Romaine Crona,Cinematographer
42,4,Ramon Hickle,Glenna Wiegand,Director
43,4,Andre Bednar,Santiago Dickens,Cinematographer
44,4,Debbie Lebsack,Cielo Hessel,Actress
45,4,Eula Greenholt,Ila Schumm,ProductionDesigner
46,4,Pat Mann,Joy Stamm,Director
47,4,Erick Boyle,Kaylie Parker,FilmEditor
48,4,Michele Batz,Ashlynn Grady,Cinematographer
49,4,Natalie Little,Lesley Senger,Producer
50,4,Ian Feest,Zelda Berge,CostumeDesigner
51,4,Susie Botsford,Velda Hilpert,Actor
52,4,Joy Russel,Wilfredo Wyman,MusicComposer
53,4,Alexandra Farrell,Walton Koelpin,MusicComposer
54,4,Carroll Dicki,Garrick Botsford,Actress
55,5,Milton Altenwerth,Zoe Reynolds,CostumeDesigner
56,5,Cary Baumbach,Etha Wiza,Screenwriter
57,5,Garrett Rohan,Alex Ferry,Actor
58,5,Marie Gulgowski,Marlon Schultz,MusicComposer
59,5,Sylvester Cruickshank,Anita Larkin,ProductionDesigner
60,5,Michelle Tremblay,Mitchell Bergstrom,Actress
61,5,Eloise Roberts,Alec Lesch,CostumeDesigner
62,5,Henrietta Towne,Benedict Dietrich,MusicComposer
63,5,Carmen Hartmann,Agustin Brown,MusicComposer
64,5,Ida Raynor,Gideon Weimann,Director
65,5,Emilio Klocko,Treva Jacobson,CostumeDesigner
66,6,Andrew Fritsch,Declan Veum,MusicComposer
67,6,Myra Casper,Corbin Wisozk,CostumeDesigner
68,6,Inez Ernser,Erin Schmitt,Director
69,6,Vicki Vandervort,Casey Schroeder,Screenwriter
70,6,Dianne Gorczany,Sonny Turner,Actor
71,6,Luke Beier,Bradford Lakin,Cinematographer
72,6,Conrad Flatley,Alexis Hagenes,MusicComposer
73,6,Pedro Witting,Nora Bergstrom,Screenwriter
74,6,Courtney Green,Thaddeus Lockman,CostumeDesigner
75,6,Manuel Smitham,Dana Cummerata,FilmEditor
76,6,John Sawayn,Jayde Pagac,ProductionDesigner
77,7,Percy Bosco,Wallace O'Reilly,Screenwriter
78,7,Mildred Cruickshank,Jalen Wunsch,Producer
79,7,Cody Johnson,Nestor Smith,Producer
80,8,Danielle Leannon,Doyle Mills,Cinematographer
81,9,Nichole Ritchie,Marina Hessel,CostumeDesigner
82,9,Francis McDermott,Alexandrea Bogan,Director
83,9,Josephine Hills,Clair Heidenreich,Producer
84,9,Isaac Littel,Nikko Weber,FilmEditor
85,9,June Collins,Jarrett Effertz,Actor
86,10,Ana Cronin,Kian Kreiger,MusicComposer
87,10,Rachel Dach,Penelope Krajcik,Screenwriter
88,10,Guadalupe Pfeffer,Douglas Grant,Actress
89,10,Matthew Nolan,America Langworth,Cinematographer
90,11,Desiree Maggio,Rigoberto Kirlin,ProductionDesigner
91,11,Emilio Morissette,Julie Schowalter,Actress
92,11,Eduardo Hane,Jaylin Jast,CostumeDesigner
93,11,Stuart Effertz,Emilia Farrell,ProductionDesigner
94,11,Wilma O'Conner,Elda Conroy,ProductionDesigner
95,11,Preston Ritchie,Ally Hickle,Screenwriter
96,11,Anthony Dooley,Turner Schiller,Screenwriter
97,11,Josephine Casper,Anna Reynolds,Director
98,11,Sergio Johns,Raphael Funk,Producer
99,11,Sergio Beer,Emilie Haley,Producer
100,11,Aubrey Weber,Cathryn Volkman,Actress
101,11,Sonja Lebsack,Lennie Beahan,Actress
102,11,Desiree Friesen,Zaria Graham,Actor
103,11,Martin Hegmann,Lemuel Schmidt,MusicComposer
104,11,Jonathon Lynch,Icie Osinski,Cinematographer
105,11,Edmund Runolfsson,Sage Douglas,Actress
106,11,Lindsey Waters,Jeff Ryan,ProductionDesigner
107,11,Colin Durgan,Raphaelle Lehner,Director
108,12,Ismael Harvey,Devin Littel,ProductionDesigner
109,12,Claire Krajcik,Lilian Hudson,Director
110,12,Horace Lebsack,Teresa Daniel,Director
111,12,Mandy Kris,Emmanuel Cummings,Actor
112,12,Bernice Crooks,Dagmar Nienow,Director
113,12,Mathew Shields,Rosalyn Reynolds,Cinematographer
114,12,Isaac Howell,Dora Emmerich,Actor
115,12,Leona Larkin,Jaylin Abbott,Producer
116,12,Geneva Schneider,Mollie Kerluke,Producer
117,12,Randall White,Lauren Konopelski,Screenwriter
118,12,Mamie Hermann,Delfina Carroll,Actress
119,12,Saul Hoppe,Isom Sanford,Cinematographer
120,12,Seth Buckridge,Terrence Larson,Cinematographer
121,12,Jacqueline King,Bradford Treutel,CostumeDesigner
122,12,Roberta Wyman,Alba Dickens,Cinematographer
123,13,Dexter Aufderhar,Glenda Olson,CostumeDesigner
124,13,Susie Hintz,Ruben Lesch,Cinematographer
125,13,Kristen Parker,Ebba Spinka,Actress
126,13,Jeanette Carter,Annette Bechtelar,Actor
127,13,Dianna Mueller,Herbert Spinka,ProductionDesigner
128,13,Gerardo Emard,Liliane Kirlin,Actor
129,13,Wilfred Considine,Kellen Kassulke,MusicComposer
130,13,Toni Beahan,Emmett Flatley,FilmEditor
131,14,Irene Orn,Seth Weimann,Producer
132,15,Kendra Langosh,Zechariah Gibson,Cinematographer
133,16,Richard Luettgen,Mohammad Bogisich,Producer
134,16,Jo Boehm,Joan Ebert,Director
135,16,Holly Bradtke,Ole Kirlin,FilmEditor
136,16,Shari Heaney,Jennings West,Actress
137,16,Claudia Heaney,Aurore Blick,Producer
138,17,Julian Borer,John Rosenbaum,Actor
139,17,Wayne Friesen,Janelle Bailey,Director
140,17,Marion Schuppe,Marjorie Mertz,Director
141,17,Clint Jakubowski,Karina Schimmel,Actor
142,17,Laverne Kassulke,Julius Padberg,Director
143,17,Faith Goldner,Annetta Steuber,MusicComposer
144,17,Kelli Gibson,Maurine Beatty,FilmEditor
145,17,Ruth Runolfsson,Marcelo Wuckert,Actress
146,17,Eunice Glover,Luther Hansen,Cinematographer
147,17,Jo Keebler,Mustafa Ullrich,Actor
148,17,Neil Stiedemann,Rylee Will,Producer
149,17,Cody Hansen,Amira Morissette,FilmEditor
150,17,Andrea Ernser,Ralph Dicki,Cinematographer
151,17,Jerome Hickle,Matt Flatley,Screenwriter
152,17,Troy Rogahn,Janessa Hirthe,Actress
153,17,Lonnie Davis,Jayden Oberbrunner,Screenwriter
154,17,Desiree Cruickshank,Brook Mayer,MusicComposer
155,17,Kay Hoppe,Johnathon O'Connell,Screenwriter
156,17,Lucy Orn,Jules Morissette,Actress
157,18,Colin Gutmann,Adelbert Kutch,Director
158,18,Jamie Mitchell,Candice Hirthe,Cinematographer
159,18,Israel Cummerata,Erling Schiller,FilmEditor
160,18,Ernesto King,Emmy Goodwin,Actor
161,18,Phil Hills,Mertie Heller,Cinematographer
162,18,Gloria Rice,Julio Wunsch,CostumeDesigner
163,18,Erin Daniel,Emmy Lind,Cinematographer
164,18,Donna Keeling,Abelardo Hermann,FilmEditor
165,18,Kelvin Nikolaus,Julio Schumm,Actor
166,18,Stewart Gutmann,Gerda Swift,ProductionDesigner
167,19,Loretta Howe,Kaya Hahn,FilmEditor
168,19,Elaine Huels,Kattie Kuhlman,FilmEditor
169,19,Roxanne Nicolas,Monserrate Daugherty,ProductionDesigner
170,19,Tracy O'Connell,Wava Doyle,FilmEditor
171,19,Jack Weissnat,Watson Fadel,FilmEditor
172,19,Rosalie Herzog,Kamron Turcotte,Actress
173,19,Rose Gulgowski,Dudley Hickle,Producer
174,19,Eduardo Olson,Reggie Rutherford,Cinematographer
175,19,Erick Kiehn,George McClure,Producer
176,19,Adam Roob,Mercedes Dooley,Actor
177,19,Nina Pfannerstill,Hiram Bechtelar,Actor
178,19,Leon Cartwright,Vesta Heller,FilmEditor
179,19,Ida Lubowitz,Ebba Homenick,Cinematographer
180,19,Salvador Wilderman,Percy Bayer,Actress
181,20,Diane Reynolds,Gracie Sauer,Screenwriter
182,20,Jaime Lehner,Tevin Schneider,ProductionDesigner
183,20,Ruby Cartwright,Amir Hansen,FilmEditor
184,20,Stacey Gutmann,Nya Reichel,ProductionDesigner
185,20,Ruby Kuvalis,Yvette Doyle,Producer
186,20,Julio Walker,Zander Bogan,Actress
187,20,Laurie Erdman,Connie Mueller,Cinematographer
188,20,Kyle Wunsch,Emanuel Kuhic,Actor
189,20,Jan Wyman,Federico Gusikowski,MusicComposer
190,20,Crystal Corwin,Rosario Murphy,Actor
191,20,Alberta Mosciski,Russ Anderson,Producer
192,20,Celia Keeling,Milford Leuschke,MusicComposer
193,21,Adrian Cummerata,Lawrence Hettinger,Director
194,21,Max Wehner,Kayli Towne,CostumeDesigner
195,21,Gwendolyn Boyer,Reta Wiegand,FilmEditor
196,21,Darlene Daniel,Alysha Dietrich,Actress
197,21,Brian MacGyver,Leonardo Bernhard,Producer
198,21,Krystal Fahey,Vernie Schmidt,ProductionDesigner
199,21,Rosa McCullough,Delpha Barrows,Screenwriter
200,21,Spencer Prosacco,Bertrand Wunsch,Producer
201,21,Faith Gulgowski,Ocie Altenwerth,Screenwriter
202,21,Rafael Kautzer,Dayana Bartell,Cinematographer
203,21,Ginger Hills,Thomas Hermann,CostumeDesigner
204,21,Judy Baumbach,Polly Kling,ProductionDesigner
205,22,Larry Gibson,Yasmine Walsh,Director
206,22,Tasha Rowe,Jayden Howe,Director
207,22,Anthony Corkery,Erik Dickinson,Screenwriter
208,22,Andrew Marks,Veda Yundt,Actress
209,22,Opal Okuneva,Armand Sipes,Cinematographer
210,22,Josephine Swift,Fae Barrows,Cinematographer
211,23,Marianne Gutmann,Adrain McDermott,CostumeDesigner
212,23,Dixie MacGyver,Silas Durgan,Producer
213,23,Terry Johns,Barbara Turner,Cinematographer
214,23,Joy Zboncak,Braeden Baumbach,Director
215,24,Catherine Lemke,Eloisa Jakubowski,MusicComposer
216,24,Marcia Gislason,Benedict Fahey,Actress
217,24,Wilbert Collier,Brain Kozey,Screenwriter
218,24,Yvonne Wuckert,Ivah Moen,Actress
219,24,Forrest Jacobson,Casey Zieme,Director
220,25,Sadie Towne,Emilio Macejkovic,Producer
221,25,Derek Dach,Sally Hahn,Director
222,25,Candice Johnston,Velma Gorczany,Director
223,25,Arturo Ritchie,Ova Wilkinson,Cinematographer
224,25,Al Anderson,Cordell Bashirian,FilmEditor
225,25,Gwen Berge,Terrence Hammes,FilmEditor
226,25,Ted Shanahan,Jerrod Jacobs,Cinematographer
227,25,Alberta Hickle,Juliana Labadie,ProductionDesigner
228,25,Celia Simonis,Royal Zboncak,Actress
229,25,Jamie Schamberger,Jeanette McDermott,Actress
230,25,Lynne Schmitt,Weston Nader,MusicComposer
231,25,Sheri McCullough,Maybell Marquardt,ProductionDesigner
232,25,Eduardo Kuvalis,Jannie Pagac,ProductionDesigner
233,25,Gordon Willms,Guadalupe Quigley,ProductionDesigner
234,25,Sherri Bechtelar,Kristina Rowe,MusicComposer
235,26,Kevin Wilkinson,Christelle Price,MusicComposer
236,26,Roberta Kovacek,Zackary Wintheiser,FilmEditor
237,26,Carlos Price,Nya Ortiz,Producer
238,27,Luis Kuvalis,Royal Johnston,Actor
239,27,Amber Hegmann,Adrien Lindgren,Screenwriter
240,27,Opal Conn,Stewart Casper,Screenwriter
241,27,Elaine Grant,Greyson Rippin,Screenwriter
242,27,Ross Rippin,Junior Waelchi,Director
243,27,Mark Koss,Hazle Wilderman,Screenwriter
244,27,Mamie Ullrich,Paula King,ProductionDesigner
245,27,Hattie Beatty,Edwin Homenick,CostumeDesigner
246,27,Ellen O'Conner,Marisol Bashirian,Cinematographer
247,27,Bethany Schaden,Lesly Lehner,Cinematographer
248,27,Delia Carter,Stewart Ledner,Actor
249,28,Barry Kuvalis,Maxine Wilkinson,Actress
250,28,Mike Kuhic,Alessia Purdy,Actress
251,28,Mabel Veum,Nannie Gulgowski,Producer
252,28,Abraham Luettgen,Joey Altenwerth,Actress
253,28,Elsa O'Reilly,Dorothy Hettinger,CostumeDesigner
254,28,Johnnie Nader,Eulah Nicolas,MusicComposer
255,28,Timmy Schoen,Edgar Abshire,FilmEditor
256,28,Nathan Kshlerin,Glenda Gutkowski,FilmEditor
257,28,Jessie Nicolas,Lonzo Kuhn,CostumeDesigner
258,28,Juanita Maggio,Angelina Towne,Actress
259,28,Rose VonRueden,Larry Howell,MusicComposer
260,28,Jorge Powlowski,Marion MacGyver,Actress
261,29,Leticia Franecki,Delpha Pagac,Screenwriter
262,29,Austin Runolfsdottir,Dahlia Olson,MusicComposer
263,29,Elmer Jacobson,Myron Reilly,Director
264,29,Constance Keeling,Rigoberto Wilkinson,Producer
265,29,Emilio Padberg,Elyse Reynolds,Producer
266,30,Jeanette Hudson,Harrison Erdman,ProductionDesigner
267,30,Lillian Gottlieb,Flossie Pfeffer,FilmEditor
268,30,Joel Ryan,Jayme Pfeffer,FilmEditor
269,30,Pat Ledner,Oral Dach,Actress
270,30,Andre Fadel,Magdalen Renner,Screenwriter
271,30,Erma Kuvalis,Bette Mraz,Director
272,30,Clay Block,Lennie Swaniawski,Producer
273,30,Willie Crist,Ada Hermiston,Screenwriter
274,30,Roberta Howe,Anastasia Sporer,Screenwriter
275,30,Jaime Schaefer,Otha Witting,CostumeDesigner
276,30,Constance Haag,Samson Moen,Director
277,31,Mack Beier,Isai Gorczany,Director
278,31,Sadie Auer,Jared Legros,Actress
279,31,Donald Carter,Ezekiel Will,MusicComposer
280,31,Rita Hettinger,Carli Pfeffer,Actor
281,31,Ada Leffler,Harley O'Connell,FilmEditor
282,31,Austin Purdy,Reilly Runolfsdottir,MusicComposer
283,31,April Terry,Cody Gutkowski,Cinematographer
284,31,Dexter Balistreri,Merlin Miller,Actor
285,31,Kristina Roob,Brionna Wolf,Actress
286,32,Kara Willms,Kyleigh Wiegand,Actor
287,32,Fernando Cassin,Rosemary Harris,MusicComposer
288,32,Kathleen Romaguera,Janis Harvey,Producer
289,32,Sherri Kilback,Zena Lakin,MusicComposer
290,32,Ella Russel,Tanner Heller,Director
291,32,Winston Hansen,Marina Keebler,Screenwriter
292,32,Nathaniel Mertz,Prince Hartmann,Director
293,32,Troy Schmitt,Adolfo O'Keefe,Producer
294,32,Ernestine Grimes,Maria Walker,MusicComposer
295,32,Delores Marvin,Tobin Beer,Cinematographer
296,32,Noah Bosco,Mertie Murray,CostumeDesigner
297,32,Brittany Adams,Joshuah Okuneva,FilmEditor
298,32,Alvin Kunze,Lea Douglas,Cinematographer
299,33,Glenn Spencer,Kathlyn Cremin,MusicComposer
300,33,Marshall Kihn,Schuyler Barrows,Cinematographer
301,33,Roman Waelchi,Lisandro Hills,MusicComposer
302,33,Wilbert Ebert,Everette Mueller,CostumeDesigner
303,33,Jorge Bednar,Cody Donnelly,Actor
304,33,Jenna O'Conner,Chasity Borer,Actor
305,33,Lowell Zieme,Phyllis Boyer,Producer
306,33,Leland Dickinson,Cortez Blick,CostumeDesigner
307,33,Sonia Emmerich,Keeley Runolfsson,Screenwriter
308,33,Jody Stark,Elmer Parisian,Producer
309,33,Christian Harvey,Arnulfo Boehm,MusicComposer
310,33,Robin Auer,Manuela Rowe,Director
311,33,Barry Jacobson,Martin Kautzer,CostumeDesigner
312,33,Kathryn Boyer,Ethel Tromp,Cinematographer
313,33,Christy Fahey,Ressie Casper,Director
314,33,Tami Carroll,Adella Langosh,ProductionDesigner
315,33,Sandy Kling,Noemy Ankunding,Producer
316,33,Sonja Kris,Javon Sauer,Screenwriter
317,33,Margarita Buckridge,Lia O'Conner,Producer
318,34,Patti Green,Braeden DuBuque,Actor
319,34,Johnny Morissette,Leon Parker,MusicComposer
320,34,Sarah Farrell,Jon Ziemann,Screenwriter
321,34,Marcus Ferry,Freida Predovic,Actor
322,34,Sam Swaniawski,Omari Volkman,FilmEditor
323,34,Greg Wilderman,Reinhold Hartmann,Cinematographer
324,34,Barry Carter,Stephania Hane,Cinematographer
325,34,Cody Grady,Vito Klocko,Cinematographer
326,34,Faith Spinka,Kayli Hoppe,Actress
327,34,Georgia Cummerata,Brandy Lynch,Cinematographer
328,34,Brandon Heidenreich,Rahul Crooks,CostumeDesigner
329,34,Julia Bartoletti,Lauren Sipes,ProductionDesigner
330,34,Ben O'Conner,Ava Johnston,CostumeDesigner
331,34,Reginald Kunde,Glenna Nader,Actress
332,34,Mable Schultz,Eric Ratke,Screenwriter
333,34,Gustavo Volkman,Daron Maggio,ProductionDesigner
334,34,Emilio Wisozk,Cletus Altenwerth,ProductionDesigner
335,34,Wayne Hodkiewicz,Jeffrey Grant,Actor
336,35,Bradley Langosh,Emanuel Wisozk,Producer
337,35,Lena Swift,Alphonso Fay,Director
338,35,Edgar Schneider,Leatha Beer,Actress
339,35,Yvonne Labadie,Carolyne Conroy,Director
340,35,Lynda Walsh,Rosalind Ullrich,Actor
341,35,Kenneth Hoppe,Margarette Little,Actress
342,35,Paul Gerhold,Jairo Reichert,Actress
343,35,Clay Fay,Lillie Schumm,Director
344,36,Nicolas Carroll,Idell Harber,CostumeDesigner
345,36,Ben Wisoky,Ryann Huels,Director
346,36,Joanna Hermiston,Macie Farrell,Screenwriter
347,36,Kent Roberts,Maureen Cormier,CostumeDesigner
348,36,Kelley Lockman,Domenica Hills,Producer
349,36,Lynn Okuneva,Destiney Reinger,Screenwriter
350,36,Ronald Stracke,Zakary Gottlieb,Cinematographer
351,36,Herman Sanford,Tristian O'Keefe,ProductionDesigner
352,36,Vicky Ondricka,Ferne Mertz,FilmEditor
353,36,Rafael Wisozk,Malachi Breitenberg,ProductionDesigner
354,36,Pauline Farrell,Treva Schamberger,Director
355,36,Debra Wisoky,Cortez Walter,Screenwriter
356,37,Lawrence Daugherty,Kobe Stoltenberg,FilmEditor
357,37,Mable Pouros,Price Friesen,Producer
358,37,Forrest Bayer,Afton Fahey,ProductionDesigner
359,37,Edna Feest,Vernie Terry,Actress
360,38,Alton Greenfelder,Emerald Miller,Producer
361,38,Nicolas Kuphal,Stephanie Cole,MusicComposer
362,38,Lewis Goyette,Katheryn Heathcote,MusicComposer
363,38,Patricia Bednar,Sterling Hammes,Actor
364,38,Rolando Reichel,Scot Nicolas,Actor
365,38,Irma Marvin,Misty Gleichner,FilmEditor
366,38,Lee Haag,Magdalen Berge,Director
367,39,Kimberly Daugherty,Green Oberbrunner,Cinematographer
368,39,Glen Stamm,Rico Schaefer,MusicComposer
369,39,Molly Grant,Dale Dickens,Screenwriter
370,39,Rosemary Pfeffer,Ben Mohr,ProductionDesigner
371,39,Santiago Shanahan,Adrain Mohr,Actress
372,39,Kellie Becker,Brendon Bailey,ProductionDesigner
373,39,Faith Corwin,Justina Reichert,Screenwriter
374,39,Freda Carroll,Christ McKenzie,Actress
375,39,Anna Conn,Jarret Kuhlman,Director
376,39,Marjorie Blanda,Polly Dach,Actor
377,39,Allison Gleichner,Major Frami,Screenwriter
378,39,Kelli Smith,Kraig Barton,Cinematographer
379,39,Harold Moore,Gus Bergstrom,MusicComposer
380,39,Vicki Heller,Diego Hammes,Actor
381,39,Steve Klein,Daija Kuphal,Director
382,39,Francis Kovacek,Chase Reynolds,Producer
383,39,Joanne Balistreri,Melvina Zieme,Director
384,39,Candace Johnson,Catharine Oberbrunner,Actor
385,40,Jesus Beer,Bonnie Barrows,FilmEditor
386,40,Marian Schamberger,Abigale Zemlak,Producer
387,40,Stuart Heaney,Amir Zemlak,Screenwriter
388,40,Danielle Cummerata,Alexanne Schuppe,CostumeDesigner
389,40,Zachary Waters,Jacques Gislason,CostumeDesigner
390,40,Kerry Reinger,Dusty Herman,Producer
391,40,Miranda Monahan,Macie Schulist,MusicComposer
392,40,Jonathon Ortiz,Izaiah Mitchell,Actress
393,40,Omar Hudson,Sadye Hermiston,Producer
394,40,Nichole Hoppe,Letha Douglas,Screenwriter
395,41,Drew Schuppe,Alverta Keebler,Director
396,41,Wilbur Pollich,Rodger Oberbrunner,Screenwriter
397,42,Hugh Pfeffer,Haylee Green,Producer
398,42,Rex Nicolas,Rosendo Price,CostumeDesigner
399,42,Lorenzo Gerlach,Marquise Trantow,Actor
400,42,Jeffery Stark,Noemy Haley,FilmEditor
401,42,Sammy Armstrong,Crystal Kovacek,ProductionDesigner
402,43,Emma Hegmann,Rosemarie Greenfelder,CostumeDesigner
403,43,Jeanne Bauch,Larissa Weimann,Actress
404,43,Linda Romaguera,Myrtis Lind,CostumeDesigner
405,43,Sandra Schaden,Maude Predovic,Producer
406,44,Simon Haley,Eulah Kemmer,ProductionDesigner
407,45,Anne Mayer,Naomi Monahan,Cinematographer
408,45,Bryan Tromp,Rita Anderson,Actress
409,45,Kate Bayer,Katheryn Daniel,Screenwriter
410,45,Darlene White,Jerrell Wisoky,Screenwriter
411,45,Ella Frami,Sydnie Frami,Director
412,45,Keith Schuster,Minnie Mayer,Actor
413,45,Gilbert Lynch,Aglae McClure,Actress
414,45,Gayle Toy,Waino Swaniawski,MusicComposer
415,45,Lois Bergstrom,Susanna Heaney,Actor
416,45,Gail Koepp,Jacquelyn Sawayn,Cinematographer
417,45,Andre Effertz,Jean Bayer,Screenwriter
418,45,Pat Larkin,Tomas Willms,MusicComposer
419,45,Mildred Boyle,Sherwood Kessler,Actress
420,45,Betsy Baumbach,Effie Nienow,CostumeDesigner
421,45,Margarita Heathcote,Raphaelle Bergnaum,Producer
422,45,Winston Satterfield,Stefan Beahan,FilmEditor
423,45,Bert Maggio,Benedict Predovic,FilmEditor
424,45,Mike Von,Rosalyn Emard,Actor
425,45,Alexandra Stark,Alexa Windler,Cinematographer
426,46,Todd McKenzie,Bennett Bernier,Director
427,46,Johnathan Jacobi,Marshall Bergnaum,Actor
428,46,Louis Kuhlman,Janessa Hilll,CostumeDesigner
429,46,Clyde Mosciski,Talia Kihn,Screenwriter
430,46,Ross Hamill,Megane Konopelski,Actress
431,46,Heidi Konopelski,Gwen Walsh,Cinematographer
432,46,Louis Bayer,Jerrell Carroll,Director
433,46,Lynda Corwin,Hosea Sauer,Director
434,46,Tyler Rice,Kristian Rutherford,Director
435,46,Molly Hoppe,Jessie Fahey,ProductionDesigner
436,46,Nichole Kling,Junior Turcotte,Director
437,46,Sue Haag,Raphaelle Lebsack,CostumeDesigner
438,47,Joe Christiansen,Ellsworth Russel,Producer
439,47,Antoinette Dicki,Bruce Murray,Producer
440,47,Johanna Miller,Angela Collier,Screenwriter
441,47,Lee Wehner,Kimberly Hand,CostumeDesigner
442,47,Terence Schamberger,Keely Daniel,Director
443,47,Linda Renner,Vivian Pagac,Actor
444,47,Cindy Leffler,Jarrell Crooks,CostumeDesigner
445,47,Dolores Schimmel,Reggie Reilly,Cinematographer
446,47,Velma Murphy,Lyla Greenfelder,Screenwriter
447,47,Mandy Kunde,Tristin Conroy,ProductionDesigner
448,47,Beatrice Langworth,Carol Crooks,Actor
449,47,Nicholas Miller,Frederik Emmerich,Director
450,47,Brad Brekke,Alisha Kuhn,Director
451,48,Gabriel Carter,Vesta Zieme,Actor
452,48,Jimmie Von,Lempi Bergstrom,Director
453,48,Marsha McGlynn,Enoch Purdy,Director
454,48,Abraham Corwin,Jarrell Waelchi,Cinematographer
455,48,Jo Stark,Genesis Trantow,Producer
456,48,Chester Hahn,Savanna Lindgren,Director
457,48,Wilson Runolfsson,Arianna Fay,CostumeDesigner
458,48,Mike Nolan,Clotilde Keeling,FilmEditor
459,48,Christina Collier,Annamae Jacobi,ProductionDesigner
460,48,Julius Fay,Lori Ortiz,Actress
461,48,Jessica Raynor,Tyrel Casper,ProductionDesigner
462,48,Edgar Leffler,Mara Dickens,MusicComposer
463,48,Joyce Jacobs,Yvette Schroeder,Producer
464,48,Frank Turcotte,Willie Yost,ProductionDesigner
465,48,Allison Stokes,Walter Lesch,CostumeDesigner
466,48,Alonzo Maggio,Vella Pacocha,Screenwriter
467,48,Kristopher Schmidt,Mallory Buckridge,Producer
468,48,Alton Orn,Sandra Kris,Director
469,49,Anita Kuhn,Ryann Jerde,Director
470,49,Gilberto Sporer,Bernie Grimes,MusicComposer
471,49,Wendell Denesik,Karl Krajcik,MusicComposer
472,49,Hattie Wilkinson,Keagan Leannon,FilmEditor
473,49,Katherine Barrows,Vito Nicolas,Screenwriter
474,49,Bruce Wilderman,Adriel Lebsack,CostumeDesigner
475,49,Benjamin Cummerata,Sherman Waters,Producer
476,49,Ramona Langosh,Abagail Bins,Cinematographer
477,49,Angel Turcotte,Lisette Wilkinson,CostumeDesigner
478,49,Cristina Mitchell,Velda Graham,Actress
479,49,Kari Koepp,Bridget Corwin,Actress
480,49,Fredrick Harber,Gail Kovacek,FilmEditor
481,49,Daryl Homenick,Shana Kshlerin,CostumeDesigner
482,49,Marco West,Alf Jacobson,Actress
483,49,Angelica Kovacek,Adelle Stracke,Actress
484,49,Bobby Carter,Helen Hirthe,Actress
485,50,Lawrence Weber,Lottie Lang,Actor
486,50,Shawna Weber,Guy Kilback,Screenwriter
487,50,Mary Weissnat,Floy Langosh,Screenwriter
488,50,Elsa Conroy,Johann Jacobs,FilmEditor
489,50,Marshall Ortiz,Bridget Walker,FilmEditor
490,50,Robin Stanton,Rossie Medhurst,Actress
491,50,Blake Von,Orin Miller,Producer
492,50,Jesus Hauck,Minnie Wehner,FilmEditor
493,50,Sheryl Abshire,Jairo Kemmer,Cinematographer
494,50,Johnnie Considine,Merle Lakin,ProductionDesigner
495,51,Angelo Marvin,Tavares Gusikowski,Actress
496,51,Beth Schamberger,Celestino Lemke,Screenwriter
497,51,Stewart Brekke,Twila Baumbach,Screenwriter
498,51,Tomas Rohan,Phoebe McKenzie,Screenwriter
499,51,Angelo Zulauf,Karlee Fahey,Director
500,51,Nathaniel Stanton,Colten Koelpin,FilmEditor
501,51,Lewis Treutel,Jonatan Ziemann,Actress
502,51,Lorenzo Pollich,Clint Gerlach,Director
503,51,Clark Hagenes,Norbert Carroll,Cinematographer
504,51,Susan Dibbert,Neil McClure,Cinematographer
505,51,Marcella Mann,Kitty Lebsack,FilmEditor
506,52,Rolando Zemlak,Raymundo Bartell,Screenwriter
507,52,Max Medhurst,Celine Hettinger,Producer
508,52,Darla Sauer,Sabrina Emmerich,Actor
509,52,Cody Doyle,Mitchel MacGyver,MusicComposer
510,52,Miguel McKenzie,Braden Willms,Actress
511,52,Irma Grimes,Jairo Bode,ProductionDesigner
512,52,Lorene Spencer,Magdalena Jast,Actress
513,52,Iris Johnston,Dolores Stark,Cinematographer
514,52,Joy Price,Alfonso Kutch,Screenwriter
515,52,Michele Roberts,Giovanny Rempel,ProductionDesigner
516,52,Claudia Kessler,Ned Cummings,Director
517,52,Inez Bernhard,Laila Johnston,Actress
518,52,Lillian Wolf,Margot Lowe,Cinematographer
519,52,Eunice Schumm,Marley Funk,Actress
520,53,Jessie Halvorson,Dawn Nolan,Actress
521,53,Louis Quitzon,Margarette Dietrich,Cinematographer
522,53,Sheri Balistreri,Freeda Padberg,ProductionDesigner
523,53,Ian Abshire,Gillian Kunde,Screenwriter
524,54,Betty Roberts,Leonard Bayer,Cinematographer
525,54,Carrie Nikolaus,Ulices Glover,Director
526,54,Maxine Padberg,Rowena Stamm,Director
527,54,Martin Witting,Earl O'Hara,Screenwriter
528,54,Eileen McGlynn,Dillan Gislason,Screenwriter
529,54,Irving Ortiz,Madison Stehr,Actress
530,54,Lamar Lebsack,Christina O'Reilly,MusicComposer
531,54,Margarita Connelly,Adela Abshire,ProductionDesigner
532,54,Phil Becker,Khalil Jacobi,Screenwriter
533,54,Roman Bergstrom,Geovanny Daniel,Director
534,54,Gabriel Muller,Constance Schumm,Director
535,54,Shawn Bogisich,Rosalyn Lynch,MusicComposer
536,54,Bernard Roob,Rashawn Spencer,Screenwriter
537,54,Taylor Reichel,Cassandra Muller,Screenwriter
538,54,Omar Kling,Justice Muller,Director
539,55,Mario Lowe,Willy Hagenes,Director
540,55,Ed Blanda,Constantin Ebert,Screenwriter
541,55,Annie Hammes,Raina Orn,MusicComposer
542,55,Joyce Stokes,Andrew Johns,Screenwriter
543,55,Eva Crist,Willy Barton,Actress
544,55,Rodney Kutch,Sid Hintz,Actress
545,55,Donnie Lind,Suzanne Toy,Actress
546,55,Robin Kirlin,Jeramy Bergstrom,FilmEditor
547,55,Anita Emmerich,Kennedi McDermott,Producer
548,55,Dave Champlin,Shemar Blick,Director
549,55,Jessie Jacobi,Abelardo Stroman,Director
550,55,Florence Rice,Ladarius Olson,Actor
551,55,Beverly Koch,Don Zemlak,Actor
552,55,Ervin Murphy,Webster Ferry,CostumeDesigner
553,55,Roxanne McDermott,Esther Stoltenberg,Screenwriter
554,55,Calvin Price,Jaclyn Howe,Actor
555,56,Kristopher McKenzie,Valentin Kemmer,CostumeDesigner
556,56,Candice Haag,Kitty Reichert,Cinematographer
557,56,Pablo Ritchie,Lori Hauck,Screenwriter
558,56,Sharon Batz,Mallie Bergnaum,MusicComposer
559,57,Nora Gulgowski,Johnpaul Cummerata,Actor
560,57,Renee Cassin,Gregorio Rippin,Producer
561,57,Jared Heathcote,Josianne Schmitt,Screenwriter
562,57,Wesley Erdman,Emil Schamberger,MusicComposer
563,57,Robyn Moen,Elaina Koepp,Director
564,58,Everett Moore,Melissa Smith,Director
565,59,Jennie Predovic,Wallace Prohaska,Director
566,59,Francis Mueller,Kitty Gislason,CostumeDesigner
567,59,Francis Runte,Franco Fahey,FilmEditor
568,59,Evelyn Littel,Sadie Schuppe,Director
569,59,Denise D'Amore,Darius Johnston,Actress
570,59,Jack Bernhard,Tommie Daniel,ProductionDesigner
571,59,Lee Crist,Maximus Towne,Director
572,59,Gladys Toy,Misty Greenfelder,CostumeDesigner
573,59,Roy Pacocha,Aaron Jacobi,CostumeDesigner
574,60,Hannah Franecki,Hope Schowalter,Screenwriter
575,60,Allison Hamill,Devin Abshire,Actress
576,60,Helen Rath,Clint Ankunding,Actor
577,60,Lola Monahan,Destiny Christiansen,MusicComposer
578,60,Josefina Stanton,Alessandra Breitenberg,Director
579,60,Gwendolyn Leannon,Eino Emmerich,Producer
580,60,Dana Hammes,Tiana Nikolaus,ProductionDesigner
581,60,Erika Cormier,Michael Kiehn,Actor
582,60,Gerard Kuhic,Tyrell Hartmann,MusicComposer
583,60,Robin Walsh,Lenore Gerhold,Actress
584,60,Antonia Murazik,Monte Mitchell,FilmEditor
585,60,Kim Witting,Destiny Stiedemann,ProductionDesigner
586,60,Laura Jaskolski,Devan Windler,Screenwriter
587,60,Margaret Legros,Conor McGlynn,MusicComposer
588,60,Brittany Kessler,Jody Russel,Screenwriter
589,60,Edmund Gorczany,Wendell Kuhic,Screenwriter
590,60,Sheri Wolff,Billy Wolff,ProductionDesigner
591,61,Johnnie Hegmann,Alf Hickle,CostumeDesigner
592,62,Lionel Cummerata,Marlen Mohr,ProductionDesigner
593,62,Silvia Stroman,Melba Pfannerstill,ProductionDesigner
594,62,Diana Marvin,Alessandra Morissette,ProductionDesigner
595,62,Wilfred Senger,Dusty McDermott,MusicComposer
596,62,Alberto Daugherty,Josue Satterfield,Screenwriter
597,62,Samuel Upton,Pete Casper,MusicComposer
598,62,Glenda Schumm,Ansley Boyer,Actress
599,63,William Graham,Liana Kuhic,ProductionDesigner
600,63,Diane Langworth,Viva Gleason,Actor
601,63,Jenny Hoppe,Marvin Gutkowski,ProductionDesigner
602,63,Tonya Jacobi,Lilyan Cormier,FilmEditor
603,63,Lance Kovacek,Karlie Brekke,Producer
604,63,Claude Douglas,Vivienne Ondricka,Screenwriter
605,63,Ira Harber,Bulah Kiehn,Cinematographer
606,63,John Krajcik,Russell Kling,CostumeDesigner
607,63,Trevor Thompson,Lonzo Braun,Cinematographer
608,63,Clinton Schulist,Abe Wehner,CostumeDesigner
609,63,Marion Thompson,Shawna Hilll,Director
610,63,Karl Considine,Kristoffer Cartwright,Cinematographer
611,63,Jan Lebsack,Tristian Gerlach,FilmEditor
612,63,Tom Schultz,Lina Hagenes,Actor
613,63,Gladys Borer,Marilie Walter,FilmEditor
614,63,Frances Goodwin,Dayne Hahn,ProductionDesigner
615,64,Joyce Anderson,Heloise Goyette,Producer
616,64,Maria Bergstrom,Myra Welch,MusicComposer
617,64,Dawn Hand,Antonietta Leannon,FilmEditor
618,64,Crystal Casper,Evans Kuhn,CostumeDesigner
619,64,Leslie Bashirian,Eleonore Altenwerth,Actor
620,64,Tricia Murazik,Marilie Emard,MusicComposer
621,64,Lorraine Ferry,Tressie Klein,Producer
622,64,Paulette Erdman,Murray Reichel,Director
623,64,Chester Schowalter,Anibal Schultz,Actress
624,64,Eva Orn,Annabell Lindgren,Actress
625,64,Thelma Leffler,Deangelo Kunde,FilmEditor
626,64,Doyle Mayert,Halie Klocko,ProductionDesigner
627,64,Viola Rice,Novella Shields,Producer
628,64,Matt Stanton,Maxwell Padberg,Cinematographer
629,65,Traci Cartwright,Cristopher Barton,Producer
630,65,Troy McCullough,Agustin Hartmann,Actor
631,65,Walter Dicki,Samanta Weimann,CostumeDesigner
632,65,Herman Walter,Icie Hickle,Actress
633,65,Terrance Mohr,Imani Reynolds,Actress
634,65,Ann West,Talia Hyatt,FilmEditor
635,65,Marshall Herzog,Mylene Feeney,Actress
636,65,Elias Kuvalis,Yadira Nikolaus,Director
637,65,Cesar Reynolds,Sage Bashirian,FilmEditor
638,65,Charlie Hills,Alvera Wilkinson,MusicComposer
639,65,Clark Hoeger,Alberta Kemmer,Actress
640,66,Christie McClure,Vilma Berge,Actor
641,66,Cristina Gleichner,Frank Veum,Actor
642,66,Ismael Hoppe,Graciela Murray,Actress
643,66,Jodi Volkman,Dustin Kling,Producer
644,66,Clifford Littel,Leone Quigley,FilmEditor
645,66,Audrey Kuvalis,Stone Nikolaus,Actor
646,66,Arlene Rolfson,Tillman Krajcik,FilmEditor
647,66,George Block,Anjali Mann,FilmEditor
648,66,Marion Christiansen,Bridget Sporer,Screenwriter
649,66,Louis Larkin,Amir Volkman,Producer
650,66,Alicia Reilly,Jillian Franecki,FilmEditor
651,67,Allen Wiza,Willa Rowe,Director
652,67,Sonja Parisian,Walter Cronin,Producer
653,67,Percy McGlynn,Tyrell O'Hara,Producer
654,67,Julius Torp,Viola Littel,Cinematographer
655,67,Aubrey Dickinson,Rosamond Rosenbaum,CostumeDesigner
656,67,Walter Stanton,Stacy Parisian,MusicComposer
657,67,Elsie Gislason,Chandler Purdy,Screenwriter
658,67,Dorothy Champlin,Wilbert Bergnaum,Actor
659,67,Marcella Hickle,Anastacio Keebler,Actor
660,67,Aubrey Strosin,Glenda Romaguera,Director
661,67,Don Veum,Chance Okuneva,Screenwriter
662,68,Sherman Padberg,Blanche Fadel,ProductionDesigner
663,68,Amber Kub,Leonel Towne,Screenwriter
664,68,Edmund Runte,Simeon Brakus,Cinematographer
665,68,Geneva Littel,Torrey Breitenberg,Actress
666,68,Franklin Abernathy,Green Bartell,Screenwriter
667,68,Delores Heaney,Jocelyn Boehm,Cinematographer
668,68,Celia Dooley,Aiyana Hegmann,Cinematographer
669,68,Rick Kihn,Elisa Spinka,Producer
670,68,Angie Kunde,Michele Lynch,Cinematographer
671,68,Saul Lebsack,Fannie Prosacco,MusicComposer
672,68,Craig Lesch,Hattie Purdy,Producer
673,68,Thomas Gulgowski,Lennie Sauer,Director
674,68,Ernesto Greenfelder,Erika Willms,Actor
675,68,Juana Hamill,Cielo Flatley,ProductionDesigner
676,68,Suzanne Wunsch,Gianni Champlin,MusicComposer
677,68,Luz Waelchi,Hazle Cummerata,Screenwriter
678,68,Jake Howe,Savion Mitchell,CostumeDesigner
679,69,Dawn Lowe,Myriam Mohr,Actress
680,69,Jackie Sanford,Korbin Sipes,MusicComposer
681,69,Miriam Crist,Jonas Crist,FilmEditor
682,70,Bradford Pacocha,Jedediah Lockman,Director
683,70,Jeff Mertz,Elinore Hermiston,MusicComposer
684,70,Wendell Price,Jan Ziemann,Actress
685,70,Christian Goodwin,Mara Hammes,Actress
686,70,Lee Lockman,Phoebe Frami,Actress
687,70,Israel West,Clementina Schaden,Actress
688,70,Tasha Fahey,Keeley Harber,Director
689,70,Salvatore Grady,Violet Murazik,Actress
690,70,Kelley Rolfson,Sheila Wyman,CostumeDesigner
691,71,Clara Trantow,Garnet Breitenberg,MusicComposer
692,71,Albert Stamm,Emelie Schiller,ProductionDesigner
693,71,Lorenzo Oberbrunner,Kelsi McKenzie,CostumeDesigner
694,71,Cindy Koelpin,Zoila Trantow,CostumeDesigner
695,71,Preston Harber,Nathaniel Rolfson,Cinematographer
696,71,Doris Walker,Richmond Thompson,ProductionDesigner
697,71,Rosemary Witting,Dayton Mante,Cinematographer
698,71,Ramiro Schmeler,Etha Grant,FilmEditor
699,72,Fannie Mills,Lydia Kiehn,FilmEditor
700,72,Dana Corwin,Alayna Mayer,Actress
701,72,Darin Halvorson,Lemuel Vandervort,MusicComposer
702,72,Philip Harber,Nora Aufderhar,MusicComposer
703,72,Dominic Hirthe,Lonie Doyle,Actress
704,72,Henry Spencer,Jewel Trantow,MusicComposer
705,72,Jaime Herzog,Dallin Kunde,Screenwriter
706,72,Cynthia Gottlieb,Noble Frami,Producer
707,72,Mitchell Jast,Jensen Dibbert,Actor
708,72,Arturo Nikolaus,Adrien Murphy,Director
709,72,Hugo Hammes,Jamir Bode,MusicComposer
710,72,Cassandra Heathcote,Carli Kirlin,Director
711,72,Gwendolyn Hills,Ludie Gottlieb,CostumeDesigner
712,72,Shannon Waters,Marianne Hahn,Producer
713,72,Owen Rowe,Don Sanford,Screenwriter
714,72,Ruben Huels,Sophie Turcotte,FilmEditor
715,72,Wilbert Wisozk,Addie O'Keefe,Director
716,72,Danny Ernser,Nya Stamm,Screenwriter
717,72,Francis Schuster,Maegan Kessler,Cinematographer
718,72,Claude Daugherty,Blake Zieme,MusicComposer
719,73,Craig Ferry,Jettie Abernathy,CostumeDesigner
720,73,Ron Weimann,Evelyn Bauch,Actress
721,73,Mona Bruen,Isom Willms,Director
722,73,Rolando Bahringer,Nestor Beahan,Cinematographer
723,73,Jay Johnson,Jaycee Hackett,FilmEditor
724,73,Caleb Klocko,Kaitlyn Beer,Producer
725,73,Maureen Thompson,Gustave Rutherford,Actress
726,73,Kathy Jacobi,Mac Wolff,MusicComposer
727,73,Terrell Collier,Frederick Romaguera,Cinematographer
728,73,Antoinette McGlynn,Raleigh Bogan,Screenwriter
729,73,Yvonne Erdman,London Klocko,Actor
730,73,June Lockman,Wanda Hansen,Actress
731,74,Gilberto Bartoletti,Hilario Parisian,Actress
732,74,Vickie Mraz,Freeda Hahn,Actress
733,74,Cassandra Cummerata,Drew Brekke,FilmEditor
734,74,Ronald Koepp,Alvina Heidenreich,Screenwriter
735,74,Ismael Kovacek,Felton Koelpin,FilmEditor
736,74,Rebecca Boehm,Janet Pollich,Cinematographer
737,74,Gordon Lubowitz,Lula Rogahn,Actress
738,74,Joanne Lang,Tyree Bogisich,Actor
739,74,Al Zulauf,Robbie Heaney,Actor
740,74,Travis Lindgren,Brannon Wehner,Actress
741,74,Shelly Weissnat,Earl Champlin,Producer
742,74,Robin Thompson,Sylvia Raynor,Director
743,74,Woodrow Jaskolski,Rae Hartmann,Cinematographer
744,74,Rose Gutkowski,Cale McLaughlin,Cinematographer
745,74,Roman Runolfsdottir,Rolando MacGyver,CostumeDesigner
746,74,Leonard Borer,Gwen Weber,Director
747,75,Ethel Fritsch,Elliott Schimmel,Actor
748,75,Sheri Barrows,Jeramy Torp,Actor
749,75,Garrett Borer,Jalon Padberg,ProductionDesigner
750,75,Dean Littel,Ibrahim Kreiger,Actor
751,75,Jody Rolfson,Sammy Klein,MusicComposer
752,75,Erica Green,Dale Mosciski,Actor
753,75,Vicki Weissnat,Allison Steuber,Cinematographer
754,75,Tiffany Pacocha,Jacynthe Lemke,Cinematographer
755,75,Olivia Bailey,Manuela Hansen,Actor
756,76,Charlie Dickens,Raina Lehner,Actress
757,76,Alison Berge,Gino Goldner,Actress
758,76,Ana Kunze,Alexzander O'Keefe,FilmEditor
759,76,Jacqueline Cole,Ewald MacGyver,Director
760,76,Leonard Gibson,Sean Fritsch,Cinematographer
761,76,Audrey Gusikowski,Dayton Nicolas,Actress
762,76,Shane Wiza,Trinity Koelpin,Producer
763,76,Amy Cassin,Gabe Dicki,Screenwriter
764,76,Clara Farrell,Mariana Vandervort,Director
765,76,Alice Cole,Bria Kuhn,MusicComposer
766,76,Cindy Hintz,Filomena Upton,FilmEditor
767,76,Kurt Johns,Ryder Marvin,Cinematographer
768,76,Jasmine Yundt,Waylon Klein,Actress
769,77,Orlando Mills,Michelle Waters,Actress
770,77,Kerry Barton,Vernie Berge,Actress
771,77,Joseph Huel,Darwin Bechtelar,Actor
772,78,Mike Zieme,Haylee O'Kon,MusicComposer
773,78,Carole Fahey,Jamar Wiza,Actress
774,78,Fredrick Blanda,Lyda Bernhard,Screenwriter
775,78,Hazel Lowe,Quinn McLaughlin,Director
776,78,Courtney Armstrong,Julianne Rutherford,Actress
777,78,Martin Schaden,Gregg Bins,CostumeDesigner
778,78,Melissa Doyle,Casper Kuhlman,Producer
779,78,Shannon Ankunding,Trycia Huel,Actress
780,78,Bernadette Champlin,Dashawn Bashirian,FilmEditor
781,78,Donnie Sauer,Dangelo Abernathy,Producer
782,78,Julian Larkin,Maiya Abshire,MusicComposer
783,79,Alberto Buckridge,Lisette Greenholt,Actress
784,79,Curtis Ziemann,Zella Green,Actor
785,79,Alma Franecki,Darrel Bruen,CostumeDesigner
786,79,Fred Gutkowski,Rahul Hauck,Producer
787,79,Gwendolyn Schmidt,Toy Rogahn,Producer
788,79,Donnie Klocko,Ted Davis,CostumeDesigner
789,79,Frederick Gusikowski,Eriberto Gislason,Actress
790,79,Jana Willms,Tia Towne,FilmEditor
791,79,Frederick Weissnat,Kira Mills,ProductionDesigner
792,79,Malcolm Lebsack,Robyn Hahn,Director
793,79,Evelyn Murray,Aliza Stroman,ProductionDesigner
794,79,Jennifer Grady,Montana Bartoletti,CostumeDesigner
795,79,Anna Ortiz,Gilberto Quitzon,Director
796,79,Tommy Bernhard,Dion Ratke,MusicComposer
797,79,Lucas Kutch,Kyle Mohr,Cinematographer
798,79,Brandi Mayer,Cyril Raynor,Actress
799,79,Muriel Moen,Donny Marvin,ProductionDesigner
800,79,Annie Buckridge,Lucienne Prohaska,Producer
801,79,Dianna Jacobson,Kailyn Stroman,Producer
802,80,Gordon Bogisich,Brad Howell,ProductionDesigner
803,80,Candace Gleason,Orval Vandervort,Cinematographer
804,80,Danielle Zulauf,Jalyn Kihn,MusicComposer
805,80,Evan Douglas,Birdie Ruecker,CostumeDesigner
806,80,Ed McClure,Freeda Torp,MusicComposer
807,80,Emma Kunde,Felix Daniel,Screenwriter
808,80,Jacquelyn Roob,Arlene Dickens,ProductionDesigner
809,80,Stacy Dicki,Ova Hammes,FilmEditor
810,80,Bobbie Konopelski,Heidi Fay,CostumeDesigner
811,80,Maryann Prosacco,Tressa Hartmann,FilmEditor
812,80,Israel Little,Adalberto Wilderman,Producer
813,81,Lee Pacocha,Bradford Wiegand,Actress
814,81,Ignacio O'Reilly,Noe Mante,FilmEditor
815,81,Kristen Gusikowski,Justina Smitham,Actor
816,81,Faith Gutkowski,Dawson Murphy,Producer
817,81,Amanda Botsford,Jaron Gerhold,ProductionDesigner
818,81,Pedro Cruickshank,Salma Will,CostumeDesigner
819,81,Angel Medhurst,Brittany Hudson,Actor
820,81,Erin Cartwright,Dee Conn,Producer
821,81,Dustin Price,Albertha Carter,Actor
822,81,Monique Schuster,Van Kemmer,Actor
823,81,Albert Kemmer,Addison Ondricka,FilmEditor
824,81,Marion Zboncak,Adriana Monahan,Actor
825,81,Lorena Breitenberg,Clara Cummerata,CostumeDesigner
826,81,Judy Gleason,Johanna Lebsack,Actress
827,81,Alicia Schimmel,Deon Feil,Screenwriter
828,81,Lorene Willms,Jackeline Barrows,Producer
829,81,Elbert Kertzmann,Felipe Effertz,Cinematographer
830,81,Adrian Hilpert,Mohammad Beier,Director
831,82,Gerardo Cummings,Josiane Rosenbaum,Cinematographer
832,83,Zachary Wunsch,Mikayla Ledner,Screenwriter
833,83,Beatrice Leffler,Robbie Carter,Producer
834,83,Van Bauch,Melvina Mraz,MusicComposer
835,83,Jeff Schultz,Madilyn Dickinson,Screenwriter
836,83,Kerry Koch,Keagan Lockman,Actress
837,83,Regina Schinner,Terrence Hoeger,Producer
838,84,Marilyn Klein,Damien O'Conner,Actor
839,84,Marcella Oberbrunner,Consuelo Gulgowski,ProductionDesigner
840,84,Randolph Gaylord,Shad Tromp,MusicComposer
841,84,Dianne Hayes,Jayden Buckridge,Producer
842,84,Mattie Farrell,Ahmed Gutmann,Cinematographer
843,84,Viola Pfannerstill,Oda Littel,Actor
844,85,Alex Jenkins,Timothy Keebler,Cinematographer
845,85,Kristina Walter,Hiram Carter,CostumeDesigner
846,85,Dawn Romaguera,Maurine O'Reilly,Actress
847,86,Rick Ernser,Jillian Yost,CostumeDesigner
848,86,Julia Okuneva,Ransom Muller,Actor
849,86,Grace Mohr,Telly Bernhard,Director
850,86,Gerald Roob,Daniella Thiel,Screenwriter
851,86,Sylvia Prohaska,Danika Marvin,FilmEditor
852,86,Abraham Gerlach,Darren Glover,Actor
853,86,Megan Kutch,Wilfredo Davis,Actress
854,86,Beverly Kozey,Kaden Prohaska,Actress
855,86,Gail Sipes,Misael Reynolds,Producer
856,86,Catherine Leannon,Anika O'Conner,Screenwriter
857,86,Barbara Ratke,Vance Medhurst,Actor
858,86,Herman Cummings,Issac Davis,Cinematographer
859,86,Christina Fritsch,Berry Carroll,Producer
860,86,Faith Price,Nicholaus Treutel,Actress
861,86,Maurice Crooks,Myah Feest,CostumeDesigner
862,86,Howard Stiedemann,Broderick Kozey,Actor
863,86,Darin Franecki,Myrtle Cartwright,Actor
864,86,Debbie Parker,Greyson Bergnaum,Screenwriter
865,87,Jane Lemke,Myrl Cruickshank,ProductionDesigner
866,87,Dustin Gleason,Brenna O'Kon,Producer
867,87,Herbert Schowalter,Alfonso Langworth,Actor
868,87,Doug Greenfelder,Hannah Hauck,CostumeDesigner
869,87,Cheryl King,Marilyne Quitzon,MusicComposer
870,87,Latoya Schimmel,Cedrick Wiza,Producer
871,87,Rachael Schroeder,Keith Kertzmann,Actor
872,87,Cindy Cassin,Elenor Anderson,MusicComposer
873,87,Monique Huel,Zander Rau,FilmEditor
874,87,Regina Wintheiser,Alta Yundt,Screenwriter
875,87,Annette Berge,Gideon Wisozk,Cinematographer
876,87,Gordon McCullough,Sydnee Emard,Actress
877,87,Gladys Hudson,Leatha Hessel,Screenwriter
878,87,Laverne Schuppe,Camryn Hamill,Director
879,87,Joseph Leannon,Lazaro Moen,Producer
880,87,Willie Mosciski,Willy Reynolds,ProductionDesigner
881,87,Rogelio Padberg,Margaretta Sawayn,Screenwriter
882,87,Carrie Morissette,Jessie Roberts,Director
883,88,Mitchell Wiza,Oswald Roberts,Actor
884,88,Todd Kunze,Christiana McGlynn,Director
885,88,Brandy Doyle,Josie Bergstrom,Cinematographer
886,88,Evan Huels,Missouri Hilll,Producer
887,88,Rosemary Cummings,Albertha Farrell,Screenwriter
888,88,Opal Volkman,Marilie Treutel,ProductionDesigner
889,88,Bradford Reinger,Minnie Rath,Cinematographer
890,88,Marguerite Kreiger,Urban Beatty,Actor
891,88,Earnest Bahringer,Felicity Hills,CostumeDesigner
892,88,Rosalie Legros,Breanne Harvey,CostumeDesigner
893,88,Ernestine Feil,Adolf Nolan,FilmEditor
894,88,Janie Goldner,Christina O'Keefe,FilmEditor
895,88,Erica Macejkovic,Miles Bashirian,Director
896,88,Deanna Rowe,Austin Heathcote,Director
897,88,Lora Kertzmann,Alexane Parker,CostumeDesigner
898,88,Jared Treutel,Rafaela Cassin,Cinematographer
899,88,Marion Lindgren,Adelia Towne,Producer
900,88,Gilbert Weimann,Lavern Ondricka,CostumeDesigner
901,88,Duane Koch,Obie Strosin,FilmEditor
902,88,Alicia Lockman,Madaline O'Reilly,Director
903,89,Kristin Runte,Lorine Kutch,Actress
904,89,Russell Mayert,Vivian Cummings,Cinematographer
905,89,Elijah Kuhic,Ivy Zulauf,Producer
906,89,Russell Powlowski,Greg Cole,ProductionDesigner
907,89,Bethany Von,Rosalind Rau,ProductionDesigner
908,89,Guillermo Emard,Christa Thompson,CostumeDesigner
909,89,Cheryl Considine,Wilfrid Gibson,FilmEditor
910,89,Troy Crona,Felipe Leuschke,CostumeDesigner
911,89,Alison Sporer,Jamir Jast,MusicComposer
912,89,Jana Jacobs,Dominique Mertz,Producer
913,89,Percy Cruickshank,Beulah Heathcote,FilmEditor
914,89,Clyde Haag,Rocky Terry,ProductionDesigner
915,89,Horace Hagenes,Arno Legros,CostumeDesigner
916,89,Kara Harber,Guy Gerlach,Producer
917,89,Moses Howe,Alisa Nicolas,FilmEditor
918,90,Archie Sporer,Bessie Green,Cinematographer
919,90,Clay Wintheiser,Santiago Skiles,CostumeDesigner
920,91,Frederick Swift,Dominic Wintheiser,FilmEditor
921,91,Juanita Mayert,Jalon Stiedemann,Producer
922,91,Santiago Schulist,Leonard Hagenes,Screenwriter
923,91,Tina Stracke,Watson Connelly,Actor
924,91,Eric Sanford,Isac Rodriguez,CostumeDesigner
925,91,Kelley Bailey,Durward Shanahan,ProductionDesigner
926,91,Preston Murray,Morton Dibbert,Director
927,91,Blanche Hudson,Alden Lind,CostumeDesigner
928,91,Naomi Schumm,Dayna Gutmann,Cinematographer
929,91,Jimmy Crooks,Hazle O'Kon,FilmEditor
930,91,Brendan Gleason,Cruz Gerhold,MusicComposer
931,91,Terry Ziemann,Albert Carroll,Director
932,91,Wilma Donnelly,Naomi Deckow,Screenwriter
933,91,Martha Funk,Nathen Corkery,Actress
934,91,Carol Mraz,Allie Grant,Actress
935,91,Erick Crist,Jaunita Zieme,Screenwriter
936,91,Moses Walker,Thea Mitchell,Screenwriter
937,91,Calvin Grant,Julianne Kozey,CostumeDesigner
938,92,Jasmine Stark,Donnell Considine,FilmEditor
939,92,Kelly Hammes,Casey Stroman,FilmEditor
940,92,Delbert D'Amore,Emily Blick,MusicComposer
941,92,Gerald Hagenes,Trent Bartoletti,Producer
942,92,Martin Kilback,Francis Deckow,Actor
943,92,Rosalie Orn,Libby Kozey,Producer
944,93,Delores Kuvalis,Dahlia Anderson,Cinematographer
945,93,Cristina Flatley,Bret Trantow,Cinematographer
946,93,Eleanor Hessel,Icie Mohr,MusicComposer
947,93,Joanna Hamill,Myrl Murphy,Director
948,93,Tim Rempel,Cyril Marvin,Cinematographer
949,93,Patricia Franecki,Jess Weissnat,ProductionDesigner
950,93,Kelly McClure,Luciano Rogahn,Producer
951,93,Clinton Jenkins,Cameron Bechtelar,Actor
952,93,Norman Wisoky,Jarod Connelly,Producer
953,93,Bryant Yundt,Jed Kemmer,FilmEditor
954,93,Mildred Raynor,Roy Dicki,MusicComposer
955,93,Delia Orn,Terrance Towne,FilmEditor
956,93,Marion Balistreri,Jessie Bailey,CostumeDesigner
957,94,Isabel McClure,Lempi Beier,Producer
958,94,Lydia Smith,Annabel Botsford,ProductionDesigner
959,94,Elsa O'Keefe,Katharina Schmitt,Director
960,94,Merle Thiel,Lia Becker,Producer
961,94,Omar Altenwerth,Osbaldo Reynolds,Producer
962,94,Nina Torp,Chyna Zboncak,Director
963,95,Jerome Strosin,Keara Ebert,ProductionDesigner
964,95,Joe Davis,Creola Renner,ProductionDesigner
965,95,Sonia Zulauf,Gerda Flatley,Actor
966,95,Alex Ankunding,Amelia Harber,Actor
967,95,Tabitha Dickinson,Lorenz Jerde,Screenwriter
968,95,Jessica Hilll,Jerod Willms,Cinematographer
969,95,Lola Ward,Alberto Gislason,Cinematographer
970,95,Latoya Gutmann,Leila Schneider,MusicComposer
971,95,Sadie Boehm,Adolphus Predovic,Producer
972,95,Charles Schowalter,Neva Skiles,Cinematographer
973,95,Yvette Olson,Filomena Feeney,Cinematographer
974,95,Darryl Mayer,Ena Okuneva,Actor
975,95,Steve Olson,Chesley Crooks,Actress
976,95,Sophie Koch,Norbert Jacobs,Director
977,95,Shelly Hoeger,Westley Kassulke,Cinematographer
978,95,Sherman Gibson,Lurline Rippin,ProductionDesigner
979,96,Bessie Goodwin,Samir Grady,FilmEditor
980,96,Eleanor Collins,Warren O'Keefe,Cinematographer
981,96,Kevin Mann,Alessandra Roob,FilmEditor
982,96,Bradford Weber,Gregoria Mosciski,FilmEditor
983,96,Anna O'Kon,Ismael Hammes,FilmEditor
984,96,Delia Wunsch,Margarita Greenfelder,Cinematographer
985,97,Virgil Lubowitz,Paolo Crist,Director
986,97,Felipe Beer,Larry Kilback,Cinematographer
987,97,Elijah Daugherty,Jaquelin Wilderman,MusicComposer
988,97,Carrie Spinka,Darrin Wolff,Producer
989,97,Stuart Barton,John Hintz,Screenwriter
990,97,Theodore Ebert,Ubaldo Bergstrom,Actor
991,97,Dana Labadie,Natalie Abernathy,Cinematographer
992,97,Francis Schinner,Darius Wyman,ProductionDesigner
993,97,Jeff Willms,Maye Nikolaus,ProductionDesigner
994,97,Bryan Balistreri,Abraham Casper,Director
995,97,Simon Thiel,Casimir Fay,Actress
996,97,Clara Hand,Evangeline Carroll,CostumeDesigner
997,97,Alejandro Glover,Garth Bogisich,MusicComposer
998,98,Terrence Herman,Monica O'Keefe,FilmEditor
999,98,Fannie Cronin,Carmela Prohaska,MusicComposer
1000,98,Roland Vandervort,Arvid Runolfsson,Actress
1001,98,Dianna Ritchie,Selmer Shields,ProductionDesigner
1002,99,Shirley Will,Camden Mann,Actor
1003,99,Gloria Berge,Bret Keebler,MusicComposer
1004,99,Pamela Pfeffer,Jordyn Wehner,FilmEditor
1005,99,Sue Terry,Lester Krajcik,Cinematographer
1006,99,Devin Wehner,Mitchell Waelchi,Actor
1007,99,Phyllis Murphy,Haylie Wintheiser,Cinematographer
1008,99,Wilbur Altenwerth,Rowena Lesch,ProductionDesigner
1009,99,Emanuel Vandervort,Clarissa Flatley,Actress
1010,99,Hope Grimes,Celestine Gleason,MusicComposer
1011,99,Alberto Vandervort,Kory Becker,Cinematographer
1012,99,Brandi Bahringer,Millie O'Keefe,FilmEditor
1013,100,Violet Bauch,Lawson Torp,MusicComposer
1014,100,April Mueller,Abigail Dooley,Director
1015,100,Lucas Bergnaum,Benton Lesch,FilmEditor
1016,100,Lance Brakus,Alan Nikolaus,Actor
1017,100,Brandon Monahan,Bell Wunsch,ProductionDesigner
1018,100,Wilbert Walker,Agustina Bergnaum,CostumeDesigner
1019,100,Rhonda Stanton,Dalton Gleason,Actor
1020,101,Jimmy Reilly,Miguel Connelly,MusicComposer
1021,101,Kim Walter,Loyce Hoeger,ProductionDesigner
1022,101,Freddie Sporer,Hermann Greenfelder,CostumeDesigner
1023,101,Monica Beer,Bo Boyer,MusicComposer
1024,101,Willis Heller,Genesis Altenwerth,Director
1025,101,Kristi Bruen,Sam Stroman,MusicComposer
1026,101,Maxine Flatley,Ashley Blick,FilmEditor
1027,101,Della Jenkins,Ervin Orn,CostumeDesigner
1028,101,Chelsea Douglas,Cole Dickinson,ProductionDesigner
1029,101,Julian Kshlerin,Eve Reichert,Actor
1030,101,Rosemarie Johnston,Gillian Koch,Actor
1031,101,Perry Murazik,Lourdes Anderson,Actor
1032,101,Van Ledner,Eugene Schmidt,MusicComposer
1033,101,Thomas Pouros,Pattie Weimann,MusicComposer
1034,101,Joann Grant,Domenica Spinka,FilmEditor
1035,101,Jenny Wehner,Raquel Goldner,Screenwriter
1036,101,Jeffrey Casper,Matilda Dickens,Director
1037,101,David Howe,Theresa Goodwin,Director
1038,102,Amelia Kutch,Josephine Carter,FilmEditor
1039,103,Edwin Walsh,Bernadine Hyatt,MusicComposer
1040,103,Ivan Rolfson,Zachery White,FilmEditor
1041,103,Ralph Trantow,Bradford Kovacek,Cinematographer
1042,103,Jackie Reynolds,Sheldon Hilpert,Director
1043,103,Omar Williamson,Gayle Kutch,Director
1044,103,Benny Gutkowski,Jayne Nienow,Screenwriter
1045,103,Shelly Cruickshank,Stephon Jacobi,CostumeDesigner
1046,103,Barbara Hermiston,Erich Osinski,Actor
1047,103,Dora O'Conner,Natalie Schuppe,Screenwriter
1048,103,Sonja Cruickshank,Leatha Waelchi,Director
1049,103,Taylor Rosenbaum,Marianne Treutel,FilmEditor
1050,103,Edmond Robel,Kaycee Stehr,MusicComposer
1051,103,Wilbur Olson,Dudley Wilkinson,CostumeDesigner
1052,103,Jesse Effertz,Laurianne Sawayn,Cinematographer
1053,103,Nathaniel Kling,Corrine Crist,FilmEditor
1054,103,Donald Kerluke,Cedrick Strosin,Actress
1055,104,Elizabeth Huels,Marshall Boyer,MusicComposer
1056,104,Janice Upton,Oran Homenick,FilmEditor
1057,104,Lester Wolff,Lavon Koss,Actor
1058,104,Dianne Heidenreich,Dee Altenwerth,Cinematographer
1059,104,Jennifer Hettinger,Caroline Borer,FilmEditor
1060,104,Kenneth Schamberger,Delmer Heaney,Actress
1061,104,Jon Hegmann,Nathanael Murazik,MusicComposer
1062,104,Preston Kling,Darwin Maggio,CostumeDesigner
1063,104,Jana Gutkowski,Terence Harvey,Director
1064,104,Jerry Wintheiser,Ola Aufderhar,Screenwriter
1065,104,Katherine Fisher,Carol Botsford,Actress
1066,104,Lora Schulist,Keven Boehm,Actress
1067,104,Loren Upton,Reed Konopelski,Screenwriter
1068,104,Aaron Dare,Rebeca Douglas,Director
1069,104,Lindsey Hermiston,Roel Roob,ProductionDesigner
1070,104,Katie Nikolaus,Josefina Upton,Cinematographer
1071,104,Lee Gutmann,Elyse Torp,Producer
1072,105,Doreen Huel,Elza Mohr,ProductionDesigner
1073,105,Lula Bartell,Adalberto Rutherford,CostumeDesigner
1074,105,Duane Funk,Clemmie Will,Producer
1075,105,Heather Hermiston,Earnest Heller,FilmEditor
1076,105,Vivian Goodwin,Amelia Beatty,Director
1077,105,Melinda Roberts,Murl Little,Actor
1078,105,Beatrice Adams,Claud Jakubowski,CostumeDesigner
1079,105,Eric Will,Carter Kutch,MusicComposer
1080,106,Ted Nicolas,Nedra Bruen,Actress
1081,106,Meghan Ward,Eulalia Fisher,Producer
1082,106,Mario Osinski,Shanny Bruen,Actor
1083,106,Mabel Schuster,Elisha Stracke,ProductionDesigner
1084,106,Muriel Powlowski,Rhoda Klocko,ProductionDesigner
1085,106,Albert Paucek,Maiya Upton,MusicComposer
1086,106,Shelley Weissnat,Florencio Greenfelder,ProductionDesigner
1087,106,Orville Bins,Elna McDermott,Director
1088,106,Pete Kassulke,Riley Muller,MusicComposer
1089,106,Mandy Lebsack,Jettie Johnson,Actor
1090,106,Madeline Smith,Hadley Aufderhar,CostumeDesigner
1091,106,Jesus Stroman,Willa Hermann,Cinematographer
1092,106,Elias Mosciski,Dejah Prohaska,CostumeDesigner
1093,106,Jeff Nader,Clair Gislason,FilmEditor
1094,107,Susie Stiedemann,Gretchen Crist,Actor
1095,107,Kara Watsica,Mose Feest,Director
1096,107,Terrance Parker,Enrique Gislason,Actor
1097,107,Iris Ledner,Ana Deckow,Actor
1098,107,Gilberto Yost,Weldon Steuber,ProductionDesigner
1099,107,Wilbur Heathcote,Jalon Crona,Producer
1100,108,Michael Rau,Liliane Runolfsson,Screenwriter
1101,108,Dianna Kutch,Ismael Hirthe,ProductionDesigner
1102,108,Adrian Schaefer,Katlyn Grimes,Screenwriter
1103,108,Joanna Grady,Keegan Bergstrom,MusicComposer
1104,108,Ashley Gibson,Triston Harris,Actor
1105,108,Grace Donnelly,Josiah Hammes,Actor
1106,108,Kelvin Greenfelder,Rosamond Kuhic,Actor
1107,108,Debbie Gutkowski,Mathew Little,Screenwriter
1108,109,Mabel Runolfsson,Preston Lakin,ProductionDesigner
1109,109,Glenda Kreiger,Alejandrin Powlowski,Director
1110,109,Mary Rolfson,Macey Lesch,Screenwriter
1111,109,Omar Kemmer,Jeanne Carter,MusicComposer
1112,109,Brandi Schoen,Vallie Osinski,MusicComposer
1113,109,Barry Brekke,Vinnie Bahringer,ProductionDesigner
1114,109,Lamar Schultz,Glenna Fisher,Actor
1115,109,Dustin Gislason,Alexane Welch,CostumeDesigner
1116,110,Corey Sawayn,Ocie O'Kon,Cinematographer
1117,110,Ronald Graham,Esther Leuschke,Actor
1118,110,Tomas Kerluke,Destin Rath,FilmEditor
1119,110,Jody Boehm,Stanley Dicki,Actor
1120,110,Shirley Gerlach,Jimmy Hayes,Screenwriter
1121,110,Jeremiah West,Martin Cremin,Screenwriter
1122,110,Steven Cruickshank,Daron Kuphal,Director
1123,110,Donnie Nicolas,Nannie Lockman,Cinematographer
1124,110,Jordan Lockman,Harrison Marks,Director
1125,110,Miriam Langosh,Nicholaus Ledner,Producer
1126,110,Jeffery Kautzer,Amelie Mayer,FilmEditor
1127,110,Chester Davis,Westley Lueilwitz,Actress
1128,110,Ira Weber,Jamaal Blick,FilmEditor
1129,110,Juanita Wyman,Maryse Schinner,Actor
1130,110,Dwayne Tremblay,Wiley Turcotte,MusicComposer
1131,110,Aaron Heidenreich,Jordan Ryan,Screenwriter
1132,110,Laurie Koss,Abigale Jerde,CostumeDesigner
1133,110,Todd Nolan,Daphne McDermott,ProductionDesigner
1134,110,Craig Schoen,Matt Langworth,Actress
1135,111,Laurence Sporer,Fatima Jast,Actor
1136,111,Tricia Wiza,Herman Carter,CostumeDesigner
1137,111,Sophie Toy,Gideon Huels,Actor
1138,111,Sadie Medhurst,Clotilde Ferry,CostumeDesigner
1139,111,Darryl Brown,Aurelio Abshire,Producer
1140,111,Ed Mills,Jasmin Emmerich,Actor
1141,112,Pat Ratke,Camilla Langworth,Director
1142,112,David Vandervort,Abe Kshlerin,Producer
1143,113,Wanda Price,Madelynn Kutch,MusicComposer
1144,113,Yolanda Kerluke,Orrin Friesen,Screenwriter
1145,113,Minnie Cronin,Nikita Koelpin,Director
1146,113,Monica Effertz,Amaya Windler,FilmEditor
1147,113,Lewis Daniel,Julianne Cremin,Cinematographer
1148,114,Billie Doyle,Kali Crooks,CostumeDesigner
1149,114,Johnny Kling,Tre Kutch,FilmEditor
1150,114,Winston Robel,Jonathan Fisher,Screenwriter
1151,114,Monique Bergnaum,Raquel Jaskolski,ProductionDesigner
1152,114,Phyllis Buckridge,Lucienne Bashirian,Director
1153,114,Billy Kiehn,Reuben Romaguera,FilmEditor
1154,114,Amelia Johns,Fred Leuschke,MusicComposer
1155,114,Olive Predovic,Reyna Ruecker,Director
1156,114,Russell Langworth,Torrance Abshire,Cinematographer
1157,114,Maggie Muller,Jarred Walter,ProductionDesigner
1158,114,Edgar Ondricka,Anna Price,Cinematographer
1159,114,Renee Nolan,Rasheed Hammes,CostumeDesigner
1160,114,Cary Romaguera,Lilyan Zboncak,Cinematographer
1161,114,Angelica Mayert,Janae Funk,FilmEditor
1162,114,Noah Lind,Lucius O'Kon,MusicComposer
1163,115,Kenneth Becker,Maxwell Brekke,CostumeDesigner
1164,115,Eloise Romaguera,Shawna Dickinson,MusicComposer
1165,115,Jay Padberg,Stan Predovic,Director
1166,115,Tomas Abernathy,Kevon Brakus,MusicComposer
1167,115,Andy Mohr,Jarrett Tillman,Actor
1168,115,Albert Fritsch,Andy Lockman,MusicComposer
1169,115,Esther Heaney,Dino Gerhold,MusicComposer
1170,115,Miriam Schultz,Katherine Frami,FilmEditor
1171,115,Leo O'Keefe,Armando Bernier,CostumeDesigner
1172,115,Hugo Hintz,Maiya Gleason,Actress
1173,115,Caleb Jones,Heloise Schimmel,FilmEditor
1174,115,Clyde Schroeder,Elsa Kuvalis,Actor
1175,115,Stanley Schneider,Harry Grimes,CostumeDesigner
1176,115,Annette Blanda,Nickolas Ullrich,Cinematographer
1177,115,Joseph Haley,Kaylah Ebert,Director
1178,115,Miriam Hartmann,Wilmer Conroy,ProductionDesigner
1179,115,Patricia Stokes,Blaise Tromp,ProductionDesigner
1180,115,May Dicki,Adolph Rogahn,MusicComposer
1181,116,Daryl Thompson,Rhea Bernier,MusicComposer
1182,116,Carroll Corwin,Veda Wilkinson,ProductionDesigner
1183,116,Jonathan Cassin,Araceli Glover,Producer
1184,116,Erin Deckow,Eriberto Armstrong,FilmEditor
1185,116,Rex Reinger,Karolann McCullough,Producer
1186,116,Marilyn Grady,Bradford Kris,Cinematographer
1187,116,Georgia Wisozk,Agustin Treutel,Director
1188,117,Wendell Hahn,Ahmed Greenholt,Producer
1189,117,Brooke Ernser,Cale Medhurst,FilmEditor
1190,117,Floyd Bahringer,Wilfredo Labadie,Actor
1191,117,Paula Ryan,Margret Ullrich,Cinematographer
1192,117,Tyrone Maggio,Salma Schmidt,ProductionDesigner
1193,117,Laurence Walsh,Jaylin Cole,Actress
1194,117,Ivan Weber,Ottilie Morar,Cinematographer
1195,117,Lynette Emard,Zaria Gottlieb,FilmEditor
1196,117,Johnnie Leuschke,Jett Zulauf,ProductionDesigner
1197,117,Donald Rempel,Isabelle Kihn,Screenwriter
1198,117,Muriel Cremin,Parker Rogahn,Screenwriter
1199,118,Rufus Rolfson,Adaline Hodkiewicz,MusicComposer
1200,118,Tommie Ryan,Korbin Huel,CostumeDesigner
1201,118,Pedro Streich,Neva Ferry,Actor
1202,118,Mercedes Jerde,Cedrick Romaguera,FilmEditor
1203,118,Fannie Murphy,Zoey Walsh,FilmEditor
1204,118,Theodore White,Katlynn Lesch,FilmEditor
1205,118,Candace Welch,Karlee Durgan,CostumeDesigner
1206,118,Harold Dibbert,Brianne Price,CostumeDesigner
1207,118,Della Bosco,Hipolito Carter,Actor
1208,118,Alejandro Dietrich,Marcel Parisian,Actor
1209,118,Jake Jerde,Marge Carroll,Producer
1210,118,Ellen Johnson,Alexis Strosin,CostumeDesigner
1211,118,Courtney Mann,Kiera Smitham,Producer
1212,118,Lynne Schumm,Garry Grady,Screenwriter
1213,118,Juanita Greenfelder,Alexzander Renner,Cinematographer
1214,118,Bob Beer,Alf Lockman,Director
1215,118,Laverne Bechtelar,Quinten Jacobi,Actor
1216,119,Alonzo Beahan,Malachi Deckow,Cinematographer
1217,119,Ellen Luettgen,Carmen Donnelly,FilmEditor
1218,119,Myron Vandervort,Coty Schuppe,Director
1219,119,Keith Veum,Marcelina Herzog,ProductionDesigner
1220,119,Hazel Kilback,Adolphus Schroeder,FilmEditor
1221,119,Angelica Purdy,Adele Schumm,Actress
1222,119,Justin Hagenes,Orland Murphy,Actor
1223,119,Jimmy Boyer,Queenie McGlynn,Director
1224,119,Meghan Sauer,Larry Kub,Actress
1225,119,Rebecca Ernser,Enola Mueller,CostumeDesigner
1226,119,Doug Carter,Delores Cronin,CostumeDesigner
1227,119,Randolph Bruen,Alexzander Friesen,Screenwriter
1228,119,Raymond Renner,Mathias Aufderhar,MusicComposer
1229,119,Colleen Bogan,Ewell Ferry,Screenwriter
1230,120,Taylor Kunde,Zechariah Friesen,FilmEditor
1231,120,Kent Gutmann,Daija Kreiger,FilmEditor
1232,120,Noel Sporer,Marcella Kunde,CostumeDesigner
